id,first_name,last_name,email,gender,ip_address
1,Oates,Dunsmore,odunsmore0@bizjournals.com,Male,167.218.38.18
2,Adriena,Lenton,alenton1@photobucket.com,Male,191.113.140.133
3,Gan,Gravey,ggravey2@google.com,Male,226.169.146.53
4,Raffarty,Proger,rproger3@forbes.com,Male,178.48.239.181
5,Van,Bartell,vbartell4@japanpost.jp,Male,78.177.25.55
6,Grace,Domingues,gdomingues5@example.com,Female,15.247.158.7
7,Delmor,Trent,dtrent6@over-blog.com,Female,166.130.53.178
8,Buddie,Smail,bsmail7@shutterfly.com,Male,151.115.49.162
9,Evelyn,Gillies,egillies8@weather.com,Male,235.214.170.154
10,Viola,Grahamslaw,vgrahamslaw9@boston.com,Female,218.186.123.174
11,Gerry,Comsty,gcomstya@canalblog.com,Female,184.128.227.8
12,Lloyd,Choak,lchoakb@unblog.fr,Male,151.17.8.2
13,Forster,Scole,fscolec@usgs.gov,Female,17.243.83.80
14,Dre,Iverson,diversond@is.gd,Male,44.247.214.232
15,Ranna,Cheel,rcheele@merriam-webster.com,Female,109.55.103.164
16,Jeanne,Stiggles,jstigglesf@ask.com,Male,178.51.88.105
17,Cordelia,Nockolds,cnockoldsg@go.com,Male,185.27.106.249
18,Bertie,Lorant,bloranth@artisteer.com,Female,132.238.179.166
19,Brunhilda,Langhorne,blanghornei@vkontakte.ru,Female,54.87.20.163
20,Estelle,Pinshon,epinshonj@examiner.com,Male,80.79.217.159
21,Alina,Normanville,anormanvillek@bizjournals.com,Genderfluid,19.81.42.195
22,Sigvard,Bosence,sbosencel@auda.org.au,Male,16.107.157.98
23,Major,Gooding,mgoodingm@networkadvertising.org,Female,181.13.196.66
24,Crosby,Elliot,celliotn@people.com.cn,Female,157.184.128.204
25,Sydney,Hatley,shatleyo@comcast.net,Male,19.202.162.93
26,Sargent,Kelner,skelnerp@java.com,Male,24.230.63.229
27,Antonina,Eaklee,aeakleeq@blogs.com,Female,180.212.208.190
28,Monica,Ellard,mellardr@google.ru,Female,204.188.221.10
29,Igor,Ruselin,iruselins@cbslocal.com,Female,43.214.255.210
30,Langston,Cavell,lcavellt@quantcast.com,Male,104.26.223.28
31,Mellisa,Dunbobin,mdunbobinu@cbsnews.com,Male,18.47.95.76
32,Babbette,Sherrett,bsherrettv@bigcartel.com,Female,187.195.202.70
33,Marve,Branigan,mbraniganw@webeden.co.uk,Male,103.76.98.11
34,Felike,Bauser,fbauserx@nyu.edu,Female,222.158.170.226
35,Nanette,Dawber,ndawbery@google.co.jp,Female,193.89.198.98
36,Florencia,Minghella,fminghellaz@shutterfly.com,Non-binary,182.8.145.167
37,Katherina,Aiskrigg,kaiskrigg10@census.gov,Male,109.29.236.81
38,Shane,Griffin,sgriffin11@technorati.com,Female,127.126.181.148
39,Franzen,Hayto,fhayto12@howstuffworks.com,Male,238.1.130.159
40,Genevieve,Chelley,gchelley13@blog.com,Female,193.27.232.73
41,Allie,Teager,ateager14@adobe.com,Female,102.174.24.123
42,Callie,Sweed,csweed15@netlog.com,Male,228.66.137.50
43,Moll,Riep,mriep16@is.gd,Male,0.165.189.247
44,Gustavus,Soots,gsoots17@census.gov,Male,33.161.167.188
45,Curt,Lintin,clintin18@ibm.com,Female,90.165.189.177
46,Durante,Ledgard,dledgard19@usda.gov,Female,148.126.213.194
47,Augie,Romi,aromi1a@toplist.cz,Male,91.164.151.68
48,Katharyn,Kellogg,kkellogg1b@elpais.com,Agender,135.247.146.64
49,Kate,Castellanos,kcastellanos1c@vimeo.com,Agender,197.124.138.136
50,Ellen,Diplock,ediplock1d@printfriendly.com,Male,20.184.99.225
51,Lorrie,MacGarvey,lmacgarvey1e@parallels.com,Female,82.132.171.149
52,Jamill,Whisson,jwhisson1f@ocn.ne.jp,Male,40.224.164.63
53,Malissia,Grain,mgrain1g@xinhuanet.com,Agender,222.199.205.120
54,Sissie,Stourton,sstourton1h@csmonitor.com,Female,105.191.252.41
55,Mayer,Haw,mhaw1i@mozilla.org,Female,40.226.0.199
56,Adler,Franciskiewicz,afranciskiewicz1j@google.com.hk,Female,64.93.242.206
57,Ced,Coast,ccoast1k@mail.ru,Male,210.111.86.193
58,King,Galliard,kgalliard1l@va.gov,Female,133.74.37.226
59,Axe,Rawnsley,arawnsley1m@chron.com,Female,189.39.77.44
60,Tom,Willgrass,twillgrass1n@mit.edu,Male,29.210.49.254
61,Basilio,Sturmey,bsturmey1o@so-net.ne.jp,Female,49.129.64.129
62,Bancroft,Loble,bloble1p@istockphoto.com,Male,76.130.44.39
63,Glenna,Blumsom,gblumsom1q@google.ru,Female,47.101.110.118
64,Charlie,Palley,cpalley1r@tamu.edu,Male,184.0.103.18
65,Roobbie,Christensen,rchristensen1s@multiply.com,Male,87.129.44.173
66,Roslyn,Collcutt,rcollcutt1t@telegraph.co.uk,Male,124.139.219.122
67,Krishna,Danilovic,kdanilovic1u@ycombinator.com,Female,31.5.12.74
68,Colline,McLardie,cmclardie1v@qq.com,Male,221.153.101.147
69,Jacky,Caskey,jcaskey1w@blinklist.com,Male,200.213.244.100
70,Raymond,Stimson,rstimson1x@so-net.ne.jp,Female,70.235.22.119
71,Laverne,O'Sculley,losculley1y@forbes.com,Male,152.130.162.6
72,Vivian,Marzelli,vmarzelli1z@narod.ru,Genderfluid,72.176.97.91
73,Fredelia,Mingasson,fmingasson20@wufoo.com,Female,127.26.5.57
74,Crystie,Le Sieur,clesieur21@theatlantic.com,Female,110.162.102.10
75,Ethelind,Lahiff,elahiff22@ask.com,Female,134.236.234.101
76,Zacherie,Mandal,zmandal23@fastcompany.com,Male,229.244.198.246
77,Ailey,Coiley,acoiley24@toplist.cz,Male,160.133.13.167
78,Jerrie,Schowenburg,jschowenburg25@gmpg.org,Genderfluid,186.198.247.104
79,Gregoor,Jinkin,gjinkin26@tamu.edu,Male,209.163.215.241
80,Rubetta,Blowfelde,rblowfelde27@guardian.co.uk,Male,90.32.239.63
81,Ricki,Gwinnel,rgwinnel28@reddit.com,Female,42.140.87.142
82,Mariette,Barrington,mbarrington29@jimdo.com,Male,230.165.235.158
83,Barr,MacCaughey,bmaccaughey2a@bandcamp.com,Male,187.119.95.81
84,Barde,Wolpert,bwolpert2b@theglobeandmail.com,Female,166.143.227.56
85,Dara,Kristof,dkristof2c@cmu.edu,Female,46.112.29.83
86,Shannah,Venmore,svenmore2d@eepurl.com,Male,187.27.24.75
87,Skipton,Rumble,srumble2e@phpbb.com,Female,133.185.10.252
88,Garry,O'Dulchonta,godulchonta2f@elegantthemes.com,Female,110.145.99.163
89,Adriane,Gromley,agromley2g@ebay.co.uk,Female,145.236.132.94
90,Pren,Carde,pcarde2h@mozilla.org,Agender,53.11.58.164
91,Karel,Sanham,ksanham2i@geocities.jp,Male,123.127.134.201
92,Rodd,Luthwood,rluthwood2j@constantcontact.com,Male,92.119.153.177
93,Kain,Tanser,ktanser2k@github.com,Male,61.8.246.231
94,Verge,Llop,vllop2l@ihg.com,Female,152.63.171.126
95,Eberhard,Wallentin,ewallentin2m@weibo.com,Male,166.112.99.122
96,Suzette,Stewartson,sstewartson2n@soundcloud.com,Male,181.251.201.32
97,Sella,Tulleth,stulleth2o@clickbank.net,Male,134.157.137.149
98,Aurore,Binestead,abinestead2p@symantec.com,Female,126.104.218.130
99,Lowe,Birkby,lbirkby2q@guardian.co.uk,Male,240.93.150.178
100,Corliss,Hallgath,challgath2r@eepurl.com,Genderqueer,128.171.11.188
101,Hebert,Renn,hrenn2s@yandex.ru,Female,210.95.19.127
102,Radcliffe,Baxstar,rbaxstar2t@nasa.gov,Male,172.48.45.35
103,Blondie,Hazell,bhazell2u@mac.com,Female,119.201.202.42
104,Gert,Haizelden,ghaizelden2v@geocities.jp,Female,84.122.61.213
105,Kirsti,Caseley,kcaseley2w@bluehost.com,Female,148.131.45.16
106,Zola,Tretter,ztretter2x@bloglovin.com,Female,42.20.250.252
107,Roseanne,Gipp,rgipp2y@google.co.jp,Female,59.110.198.133
108,Jacob,Raynes,jraynes2z@flickr.com,Male,207.88.56.202
109,Coleen,Goodge,cgoodge30@blogger.com,Female,94.203.88.29
110,Belia,Wane,bwane31@yahoo.co.jp,Female,240.146.24.134
111,Hort,Biddiss,hbiddiss32@posterous.com,Genderqueer,61.145.216.172
112,Godart,Feasby,gfeasby33@ft.com,Genderfluid,214.206.176.65
113,Gibb,Huguet,ghuguet34@elegantthemes.com,Female,166.163.147.146
114,Melba,Cambell,mcambell35@abc.net.au,Female,243.129.81.53
115,Hilary,Meyer,hmeyer36@purevolume.com,Female,163.190.54.229
116,Lanna,McCloughen,lmccloughen37@miitbeian.gov.cn,Female,104.10.210.107
117,Somerset,Arington,sarington38@ycombinator.com,Male,99.72.199.154
118,Enrika,Kyle,ekyle39@123-reg.co.uk,Male,120.223.129.127
119,Charlot,Korejs,ckorejs3a@plala.or.jp,Male,24.73.224.125
120,Job,Peach,jpeach3b@nbcnews.com,Male,231.6.147.203
121,Allissa,Akister,aakister3c@baidu.com,Female,142.134.7.78
122,Rubi,Fridd,rfridd3d@shutterfly.com,Male,196.188.160.186
123,Nikkie,Kenelin,nkenelin3e@craigslist.org,Polygender,62.111.247.136
124,Charmaine,Marc,cmarc3f@dailymail.co.uk,Male,73.97.26.40
125,Dall,Devennie,ddevennie3g@merriam-webster.com,Male,213.43.55.120
126,Bernarr,Pimblotte,bpimblotte3h@weebly.com,Female,75.6.215.17
127,Olympe,Le Grove,olegrove3i@narod.ru,Female,216.79.221.206
128,Mikaela,Ivons,mivons3j@springer.com,Male,186.215.194.107
129,Orelee,Adkin,oadkin3k@berkeley.edu,Male,127.78.206.34
130,Cyrillus,Moynham,cmoynham3l@amazon.com,Male,68.222.42.174
131,Sonnie,Beccero,sbeccero3m@hugedomains.com,Male,232.111.158.167
132,Merla,Leifer,mleifer3n@sourceforge.net,Male,238.86.61.140
133,Kathrine,Canham,kcanham3o@desdev.cn,Male,140.220.47.31
134,Amabelle,Poultney,apoultney3p@boston.com,Female,182.247.89.194
135,Darsie,Aleshintsev,daleshintsev3q@eepurl.com,Female,174.26.66.40
136,Bondie,Emlen,bemlen3r@goo.ne.jp,Non-binary,63.0.217.255
137,Giffard,Eidler,geidler3s@blogger.com,Male,18.208.52.203
138,Rickard,Hardy-Piggin,rhardypiggin3t@webmd.com,Male,245.69.244.196
139,Sybilla,Attaway,sattaway3u@cafepress.com,Female,47.2.86.58
140,Elyssa,Shakelade,eshakelade3v@ucsd.edu,Male,170.215.148.249
141,Pryce,Tatlock,ptatlock3w@google.co.uk,Female,51.79.18.196
142,Jenifer,Sawers,jsawers3x@sakura.ne.jp,Female,20.93.58.77
143,Kellie,Floyd,kfloyd3y@constantcontact.com,Male,181.168.228.183
144,Boonie,Speke,bspeke3z@google.com,Female,14.135.254.195
145,Jeff,Stonhouse,jstonhouse40@chronoengine.com,Male,51.55.73.61
146,Lanette,Desforges,ldesforges41@apple.com,Male,34.236.29.168
147,Shannon,Ledekker,sledekker42@bbc.co.uk,Male,168.46.64.182
148,Benn,Strodder,bstrodder43@dmoz.org,Male,95.237.212.78
149,Nonna,De Vries,ndevries44@typepad.com,Male,201.44.184.163
150,Kellia,Satterley,ksatterley45@mapy.cz,Female,213.201.131.113
151,Mireielle,Wroath,mwroath46@php.net,Female,32.19.190.201
152,Evaleen,Sibbons,esibbons47@tinyurl.com,Female,177.74.3.231
153,Giraldo,Zorer,gzorer48@google.es,Female,228.101.195.250
154,Addie,Pearce,apearce49@geocities.com,Male,189.23.231.237
155,Elliot,Beare,ebeare4a@buzzfeed.com,Female,107.24.14.12
156,Tades,Ormrod,tormrod4b@yahoo.co.jp,Male,180.141.96.212
157,Frazer,Adam,fadam4c@plala.or.jp,Male,1.78.226.137
158,Lawton,Ponten,lponten4d@aol.com,Male,113.38.195.127
159,Leonanie,McNaughton,lmcnaughton4e@hc360.com,Male,91.154.204.137
160,Leesa,Lewer,llewer4f@fotki.com,Male,168.0.31.65
161,Pippa,Huckle,phuckle4g@answers.com,Male,88.25.249.4
162,Kareem,Marney,kmarney4h@histats.com,Male,210.116.157.78
163,Virgilio,Hollingsby,vhollingsby4i@blinklist.com,Female,79.67.57.238
164,Reba,Orlton,rorlton4j@statcounter.com,Male,146.36.34.85
165,Anthe,Ewebank,aewebank4k@blogs.com,Female,22.229.25.124
166,Bil,Eckhard,beckhard4l@jimdo.com,Male,65.253.142.91
167,Nanon,Spirit,nspirit4m@si.edu,Male,43.161.152.153
168,Joletta,Sawl,jsawl4n@unicef.org,Male,141.243.77.51
169,Letty,Bartolomucci,lbartolomucci4o@cbsnews.com,Polygender,109.124.225.1
170,Ashby,Riccione,ariccione4p@fema.gov,Male,186.86.237.251
171,Almeda,Yandle,ayandle4q@ustream.tv,Male,59.79.215.250
172,Nelson,Kermannes,nkermannes4r@hc360.com,Male,235.127.238.129
173,Sanson,Hold,shold4s@hugedomains.com,Female,126.37.147.223
174,Cymbre,Tewkesberrie,ctewkesberrie4t@mtv.com,Female,253.40.168.47
175,Dunc,Woodeson,dwoodeson4u@nytimes.com,Male,28.212.56.106
176,Terza,Caghy,tcaghy4v@jigsy.com,Female,251.93.1.170
177,Roxy,Prebble,rprebble4w@reddit.com,Male,205.124.241.161
178,Jehu,Salamon,jsalamon4x@gov.uk,Male,138.227.99.231
179,Yoshiko,Pitbladdo,ypitbladdo4y@acquirethisname.com,Non-binary,168.144.38.86
180,Yetty,Lere,ylere4z@ibm.com,Male,134.181.104.25
181,Marjie,Inglesfield,minglesfield50@auda.org.au,Female,172.57.82.157
182,Con,Shoebridge,cshoebridge51@cisco.com,Female,102.19.54.54
183,Ferrell,Simkovich,fsimkovich52@usgs.gov,Male,84.181.141.19
184,Bellina,Gert,bgert53@marketwatch.com,Female,187.88.38.143
185,Arliene,Attoe,aattoe54@issuu.com,Female,211.58.89.177
186,Yettie,Baxstair,ybaxstair55@csmonitor.com,Male,95.120.91.197
187,Katerine,Le Estut,kleestut56@theglobeandmail.com,Male,75.60.55.174
188,Page,Allmann,pallmann57@so-net.ne.jp,Male,51.174.182.184
189,Nolly,Glenn,nglenn58@timesonline.co.uk,Male,204.180.152.65
190,Zacharias,Somerlie,zsomerlie59@ustream.tv,Female,233.227.217.234
191,Ailina,Standfield,astandfield5a@ebay.com,Female,189.83.31.170
192,Neille,Pladen,npladen5b@ibm.com,Female,173.177.6.126
193,Lexie,Bohling,lbohling5c@technorati.com,Male,62.36.226.151
194,Vince,Castree,vcastree5d@digg.com,Female,1.168.17.16
195,Evie,Temperton,etemperton5e@imageshack.us,Female,218.245.99.21
196,Marci,Elward,melward5f@com.com,Male,179.128.171.131
197,Trip,McQuode,tmcquode5g@mail.ru,Female,246.102.246.76
198,Caryl,Geffinger,cgeffinger5h@apache.org,Male,24.118.91.81
199,Tucker,Reuble,treuble5i@com.com,Female,239.176.112.174
200,Cob,Benmore,cbenmore5j@cornell.edu,Genderqueer,175.216.37.105
201,Blake,Rosenstiel,brosenstiel5k@omniture.com,Agender,76.63.185.144
202,Elayne,Yuryatin,eyuryatin5l@macromedia.com,Female,235.138.228.225
203,Aubrey,Manston,amanston5m@cpanel.net,Female,121.111.157.13
204,Nert,Lovegrove,nlovegrove5n@vk.com,Female,100.202.0.134
205,Gavan,Donan,gdonan5o@ucoz.ru,Male,211.73.215.154
206,Clemens,Croote,ccroote5p@noaa.gov,Male,176.136.226.146
207,Quint,Jankin,qjankin5q@odnoklassniki.ru,Female,80.90.135.21
208,Goldia,Gainsbury,ggainsbury5r@ft.com,Female,166.218.223.95
209,Kara-lynn,Balsdone,kbalsdone5s@yolasite.com,Male,199.41.160.250
210,Vergil,Asipenko,vasipenko5t@chron.com,Male,201.108.109.152
211,Ludovika,Ropars,lropars5u@ca.gov,Female,132.53.153.62
212,Carolyne,Barensky,cbarensky5v@elpais.com,Female,215.222.251.122
213,Kipp,Kopke,kkopke5w@go.com,Male,194.245.162.179
214,Deedee,Siman,dsiman5x@mayoclinic.com,Female,12.226.92.51
215,Dasi,Ezele,dezele5y@pagesperso-orange.fr,Genderfluid,242.209.175.11
216,Gladi,Rolinson,grolinson5z@amazon.com,Female,11.94.186.79
217,Daron,Sproat,dsproat60@storify.com,Male,209.35.250.136
218,Osmond,Tooth,otooth61@soundcloud.com,Female,202.247.96.148
219,Angeli,McIlvenny,amcilvenny62@comcast.net,Female,55.97.27.49
220,Celie,Orleton,corleton63@ebay.co.uk,Female,2.147.217.37
221,Orv,Schirach,oschirach64@examiner.com,Male,157.10.159.198
222,Gena,Tysall,gtysall65@berkeley.edu,Male,107.230.76.109
223,Robby,Alvis,ralvis66@examiner.com,Genderqueer,94.57.113.209
224,Jennette,Barizeret,jbarizeret67@paginegialle.it,Genderqueer,222.179.170.17
225,Galvan,Candelin,gcandelin68@gov.uk,Male,136.72.32.246
226,Arni,Dufaire,adufaire69@1und1.de,Male,145.239.89.192
227,Malva,Venes,mvenes6a@discuz.net,Female,252.64.225.112
228,Weston,Clever,wclever6b@desdev.cn,Male,193.99.60.116
229,Nan,Devigne,ndevigne6c@oaic.gov.au,Male,187.222.212.90
230,Lincoln,Jollands,ljollands6d@freewebs.com,Male,231.224.117.117
231,Clair,Esplin,cesplin6e@unesco.org,Male,77.183.167.116
232,Jeno,Pigne,jpigne6f@yellowbook.com,Female,137.161.67.37
233,Ali,Kneebone,akneebone6g@gnu.org,Female,154.203.38.218
234,Leonardo,Reah,lreah6h@cornell.edu,Male,132.58.155.23
235,Rip,McCully,rmccully6i@nymag.com,Male,21.169.81.182
236,Mikkel,Willgoss,mwillgoss6j@yellowbook.com,Female,173.37.194.87
237,Cullie,Mosley,cmosley6k@npr.org,Male,166.223.94.199
238,Jerad,Allwood,jallwood6l@omniture.com,Male,146.76.39.134
239,Devora,Crummey,dcrummey6m@cbslocal.com,Male,75.157.39.109
240,Fremont,Ioselev,fioselev6n@amazon.com,Female,197.123.33.213
241,Jon,Bratty,jbratty6o@usa.gov,Female,85.1.231.0
242,Dayna,Tendahl,dtendahl6p@biglobe.ne.jp,Female,107.119.57.35
243,Jami,Klimov,jklimov6q@hc360.com,Male,240.171.46.44
244,Sinclare,Matula,smatula6r@gnu.org,Female,240.65.251.150
245,Tasha,Grinnikov,tgrinnikov6s@umich.edu,Female,158.218.182.91
246,Pandora,Gordge,pgordge6t@booking.com,Polygender,187.95.16.71
247,Welsh,Libbie,wlibbie6u@illinois.edu,Male,249.201.165.8
248,Amandy,Bitten,abitten6v@shareasale.com,Female,248.20.36.152
249,Angelina,Ballchin,aballchin6w@t.co,Genderqueer,22.172.17.206
250,Kesley,Dreakin,kdreakin6x@amazon.co.uk,Male,100.139.138.66
251,Lottie,Twigg,ltwigg6y@amazon.co.uk,Male,72.63.54.250
252,Georgi,Chettle,gchettle6z@pinterest.com,Male,160.105.241.142
253,Eamon,Willshee,ewillshee70@imdb.com,Male,15.166.42.95
254,Lorrin,Cleeve,lcleeve71@archive.org,Polygender,68.124.156.252
255,Ash,Christer,achrister72@techcrunch.com,Male,46.239.189.133
256,Cori,Blanche,cblanche73@barnesandnoble.com,Male,181.25.12.32
257,Bern,Biddlecombe,bbiddlecombe74@eventbrite.com,Male,182.148.64.233
258,Ravid,Gravenall,rgravenall75@deliciousdays.com,Female,105.52.239.5
259,Hillel,Symonds,hsymonds76@google.de,Male,76.221.170.157
260,Florinda,Backshell,fbackshell77@hexun.com,Male,27.20.139.13
261,Roderich,Bear,rbear78@upenn.edu,Female,43.198.175.189
262,Grace,Asp,gasp79@cocolog-nifty.com,Male,36.243.24.21
263,Rivalee,Sandercock,rsandercock7a@howstuffworks.com,Male,130.208.103.186
264,Myer,Michiel,mmichiel7b@patch.com,Agender,110.173.87.2
265,Humbert,Riccioppo,hriccioppo7c@independent.co.uk,Male,21.139.112.192
266,Douglas,Kennifeck,dkennifeck7d@redcross.org,Male,240.66.79.251
267,Bartholomeo,O'Kenny,bokenny7e@t-online.de,Male,158.8.51.156
268,Timmi,Antoniou,tantoniou7f@sphinn.com,Male,222.176.136.96
269,Ema,Sandeland,esandeland7g@yolasite.com,Female,219.80.117.212
270,Francisco,Renwick,frenwick7h@soup.io,Male,183.73.173.30
271,Vassily,Axston,vaxston7i@miibeian.gov.cn,Male,75.115.103.203
272,Kandy,Van Hault,kvanhault7j@ucoz.com,Female,32.187.107.104
273,Karna,Tarling,ktarling7k@nba.com,Male,7.104.40.48
274,Northrup,Rumke,nrumke7l@techcrunch.com,Female,4.212.71.168
275,Constance,Eberdt,ceberdt7m@miibeian.gov.cn,Female,208.134.122.65
276,Sileas,Kilfedder,skilfedder7n@sohu.com,Male,51.233.133.4
277,Hana,Vogele,hvogele7o@hexun.com,Male,23.16.72.112
278,Vaughan,Aslum,vaslum7p@t.co,Male,147.200.120.157
279,Caprice,Mussard,cmussard7q@diigo.com,Male,244.144.186.222
280,Agata,Hedin,ahedin7r@prlog.org,Male,97.145.170.161
281,Skylar,Negus,snegus7s@homestead.com,Male,169.93.244.160
282,Janith,Chaperlin,jchaperlin7t@vk.com,Genderfluid,101.116.7.87
283,Georgena,Vail,gvail7u@smugmug.com,Male,247.10.250.108
284,Dion,Glaserman,dglaserman7v@bluehost.com,Male,41.146.107.209
285,Riobard,Goodlip,rgoodlip7w@sourceforge.net,Male,76.3.132.158
286,Kaylee,Esselen,kesselen7x@hugedomains.com,Male,193.38.170.33
287,Gunar,Sings,gsings7y@loc.gov,Male,93.83.133.242
288,Tammy,Capstaff,tcapstaff7z@rakuten.co.jp,Male,100.194.84.97
289,Tiena,Chrichton,tchrichton80@freewebs.com,Male,14.230.242.198
290,Maxwell,Cherry,mcherry81@sogou.com,Male,73.238.13.114
291,Hedvige,Kyle,hkyle82@msu.edu,Female,233.64.121.209
292,Kaile,Baudry,kbaudry83@ftc.gov,Male,116.120.145.94
293,Rayner,Hannaway,rhannaway84@harvard.edu,Polygender,14.251.247.47
294,Mariam,Froschauer,mfroschauer85@huffingtonpost.com,Female,166.203.132.135
295,Paulo,Figgen,pfiggen86@instagram.com,Female,205.111.74.96
296,Beale,Reany,breany87@epa.gov,Female,214.153.229.84
297,Bret,Larciere,blarciere88@arstechnica.com,Female,234.52.162.151
298,Elysia,Groomebridge,egroomebridge89@hibu.com,Male,141.218.29.115
299,Lauren,Dunbabin,ldunbabin8a@studiopress.com,Female,47.214.70.60
300,Caralie,Streather,cstreather8b@feedburner.com,Male,75.204.181.197
301,Darren,Dabbs,ddabbs8c@sina.com.cn,Female,39.152.49.168
302,Garrett,Brittin,gbrittin8d@dmoz.org,Male,234.181.151.13
303,Daria,Sedgwick,dsedgwick8e@google.ca,Female,229.8.66.161
304,Alberta,Cornels,acornels8f@usgs.gov,Male,76.250.118.100
305,Isidro,Ferrierio,iferrierio8g@latimes.com,Female,118.133.207.35
306,Rickert,Gladstone,rgladstone8h@ibm.com,Female,99.93.159.245
307,Hope,Von Welldun,hvonwelldun8i@zimbio.com,Male,77.70.111.141
308,Clemmie,Kender,ckender8j@eventbrite.com,Male,56.155.142.84
309,Tabb,Norsworthy,tnorsworthy8k@de.vu,Female,74.120.15.128
310,Margaret,Barchrameev,mbarchrameev8l@reverbnation.com,Female,100.162.148.1
311,Whit,Kinner,wkinner8m@hubpages.com,Genderqueer,33.133.244.101
312,Ignazio,Folonin,ifolonin8n@webnode.com,Female,231.218.202.70
313,Packston,Toquet,ptoquet8o@alexa.com,Male,250.32.105.153
314,Mortie,Milnes,mmilnes8p@geocities.jp,Polygender,3.187.117.228
315,Bess,Belward,bbelward8q@sun.com,Female,244.40.128.94
316,Allina,Heimes,aheimes8r@hexun.com,Male,154.49.188.119
317,Tadd,Girvin,tgirvin8s@un.org,Polygender,101.43.159.215
318,Dillon,Mallender,dmallender8t@storify.com,Male,45.91.19.70
319,Herb,Baude,hbaude8u@ox.ac.uk,Male,233.72.151.224
320,Peggi,Todarini,ptodarini8v@mozilla.org,Male,255.48.57.128
321,Sonny,Magwood,smagwood8w@yahoo.com,Female,217.175.112.28
322,Karlotta,Bomfield,kbomfield8x@bloomberg.com,Male,145.111.82.102
323,Tim,Capelin,tcapelin8y@google.ru,Female,156.14.12.215
324,Mil,Ching,mching8z@timesonline.co.uk,Male,168.104.146.113
325,Montgomery,de Clerk,mdeclerk90@apache.org,Male,161.77.23.75
326,Pearce,Higgoe,phiggoe91@example.com,Male,173.177.187.32
327,Marcelline,Pendlebery,mpendlebery92@behance.net,Male,49.36.15.80
328,Burr,Pincott,bpincott93@barnesandnoble.com,Male,220.12.42.120
329,Ambrose,Steventon,asteventon94@example.com,Male,239.197.132.20
330,Adair,Drysdell,adrysdell95@posterous.com,Female,191.244.224.136
331,Pernell,Shorto,pshorto96@typepad.com,Male,42.119.117.126
332,Zebulon,Illiston,zilliston97@umn.edu,Female,242.31.205.247
333,Anthea,Drowsfield,adrowsfield98@chronoengine.com,Male,0.105.46.119
334,Aldon,Burdell,aburdell99@friendfeed.com,Male,142.74.217.20
335,Marje,Golby,mgolby9a@bloglines.com,Female,176.240.189.177
336,Katherina,Leasor,kleasor9b@etsy.com,Female,72.226.134.86
337,Martina,Sharkey,msharkey9c@parallels.com,Male,72.128.195.181
338,Lura,Hans,lhans9d@acquirethisname.com,Female,61.7.45.187
339,Stafani,Poleykett,spoleykett9e@cam.ac.uk,Female,243.247.17.100
340,Trevor,Wroath,twroath9f@sun.com,Genderfluid,16.199.111.99
341,Cathlene,Wescott,cwescott9g@apache.org,Female,174.32.52.247
342,Kip,Anthonsen,kanthonsen9h@thetimes.co.uk,Polygender,200.115.27.49
343,Gillian,Dunston,gdunston9i@dmoz.org,Female,189.241.135.158
344,Corine,Trimble,ctrimble9j@alexa.com,Bigender,167.15.199.166
345,Justino,Baversor,jbaversor9k@nbcnews.com,Female,193.66.154.204
346,Caz,Epton,cepton9l@dedecms.com,Male,124.236.227.184
347,Duffy,Obert,dobert9m@behance.net,Female,87.251.48.61
348,Yorgos,Saunders,ysaunders9n@csmonitor.com,Agender,98.37.151.117
349,Fern,Wimms,fwimms9o@illinois.edu,Non-binary,113.117.120.125
350,Rutter,Balding,rbalding9p@bloglovin.com,Male,41.134.198.55
351,Pattin,Yegorov,pyegorov9q@harvard.edu,Female,254.160.95.122
352,Romona,Sambath,rsambath9r@ocn.ne.jp,Male,92.8.230.193
353,Maitilde,Laguerre,mlaguerre9s@yellowbook.com,Female,55.198.49.33
354,Brittan,Mountney,bmountney9t@mozilla.com,Female,98.79.165.107
355,Sterne,Kiddey,skiddey9u@tinyurl.com,Female,8.123.35.27
356,Julia,Laughren,jlaughren9v@biglobe.ne.jp,Female,216.14.108.67
357,Artemis,Yarham,ayarham9w@pbs.org,Female,195.176.123.86
358,Robinett,Tomney,rtomney9x@mapy.cz,Male,80.149.151.183
359,Byrann,Riccioppo,briccioppo9y@tamu.edu,Male,95.229.224.60
360,Johnette,Grigore,jgrigore9z@gov.uk,Female,177.218.105.176
361,Sanders,Picford,spicforda0@apple.com,Male,4.226.159.5
362,Consolata,Hysom,chysoma1@eepurl.com,Female,192.245.123.50
363,Erminie,de Zamora,edezamoraa2@dyndns.org,Female,112.226.220.63
364,Cassi,Piggot,cpiggota3@globo.com,Male,40.111.75.199
365,Thaine,Consterdine,tconsterdinea4@state.gov,Female,239.251.114.205
366,Edithe,Larvin,elarvina5@slashdot.org,Female,214.159.217.247
367,Steffane,Tomney,stomneya6@toplist.cz,Female,161.226.160.121
368,Venus,Bonhan,vbonhana7@example.com,Female,233.86.253.71
369,Diane-marie,Filson,dfilsona8@usatoday.com,Female,124.143.50.199
370,Natalie,Chupin,nchupina9@desdev.cn,Male,252.28.180.200
371,Manolo,Turland,mturlandaa@telegraph.co.uk,Male,58.14.143.239
372,Jarrid,Postlewhite,jpostlewhiteab@google.co.uk,Bigender,205.42.183.0
373,Mickie,Glynn,mglynnac@e-recht24.de,Male,218.93.200.15
374,Tabitha,Impson,timpsonad@dailymail.co.uk,Female,5.106.92.191
375,Faydra,Meeland,fmeelandae@fotki.com,Female,200.165.218.101
376,Conroy,Tabbitt,ctabbittaf@behance.net,Female,100.14.152.231
377,Kaine,Obell,kobellag@spotify.com,Female,52.80.250.22
378,Bartholomeus,Molian,bmolianah@imgur.com,Female,139.144.46.73
379,Enrichetta,Ellor,eellorai@vimeo.com,Male,13.30.7.171
380,Vivien,Jewes,vjewesaj@cocolog-nifty.com,Non-binary,76.58.222.220
381,Caleb,Polkinghorne,cpolkinghorneak@intel.com,Male,187.64.178.148
382,Karola,Llewhellin,kllewhellinal@google.it,Female,36.213.222.251
383,Wyatan,Sebborn,wsebbornam@wordpress.org,Female,61.245.45.253
384,Konstantin,McLaughlin,kmclaughlinan@posterous.com,Male,230.108.17.134
385,Cathe,Slayny,cslaynyao@unicef.org,Female,37.48.224.104
386,Robinia,Dearell,rdearellap@twitter.com,Female,36.204.96.106
387,Dugald,Billam,dbillamaq@cloudflare.com,Female,244.194.84.50
388,Rey,Byas,rbyasar@domainmarket.com,Male,146.44.151.184
389,Far,Bauckham,fbauckhamas@google.com.au,Female,80.230.77.115
390,Berthe,Mullineux,bmullineuxat@goodreads.com,Female,110.3.182.25
391,Nikkie,Braunter,nbraunterau@desdev.cn,Female,98.89.63.148
392,Seumas,Beaver,sbeaverav@abc.net.au,Female,95.41.44.195
393,Tabby,Duff,tduffaw@homestead.com,Female,253.28.178.14
394,Rosalinda,Retchford,rretchfordax@delicious.com,Male,187.122.34.109
395,Cymbre,Boon,cboonay@studiopress.com,Female,11.7.126.31
396,Marin,Edgson,medgsonaz@loc.gov,Male,69.125.32.226
397,Celisse,Matteuzzi,cmatteuzzib0@booking.com,Female,36.187.115.160
398,Zuzana,Riggs,zriggsb1@yellowbook.com,Agender,28.194.209.194
399,Nealy,Ezele,nezeleb2@unicef.org,Female,119.34.49.94
400,Leontine,Nutbeem,lnutbeemb3@quantcast.com,Male,183.210.185.112
401,Kaitlyn,Nicholl,knichollb4@photobucket.com,Male,66.210.157.72
402,Elijah,Stedman,estedmanb5@usatoday.com,Male,170.176.118.38
403,Cami,Bossel,cbosselb6@bluehost.com,Female,175.215.191.9
404,Keeley,Caban,kcabanb7@diigo.com,Female,58.212.187.176
405,Keeley,Labadini,klabadinib8@statcounter.com,Male,107.110.195.60
406,Tabby,Heber,theberb9@wp.com,Male,79.129.175.200
407,Karissa,Proske,kproskeba@networksolutions.com,Male,206.78.69.2
408,Marijn,Gatfield,mgatfieldbb@discovery.com,Female,114.235.4.29
409,Hillary,Humbles,hhumblesbc@scientificamerican.com,Female,76.202.57.148
410,Leonore,Jindrak,ljindrakbd@sogou.com,Male,66.163.113.113
411,Rafael,Castagne,rcastagnebe@yale.edu,Male,112.101.90.41
412,Sibylla,De'Vere - Hunt,sdeverehuntbf@nba.com,Female,202.26.209.109
413,Donetta,Ferronet,dferronetbg@wikimedia.org,Female,107.119.19.51
414,Hildegaard,Cowely,hcowelybh@blogtalkradio.com,Female,63.134.98.181
415,Mathias,Nice,mnicebi@scientificamerican.com,Polygender,137.81.35.133
416,Graig,Bollini,gbollinibj@pen.io,Male,202.72.209.191
417,Ursula,Busby,ubusbybk@eventbrite.com,Male,139.139.9.81
418,Timmie,Wormell,twormellbl@elegantthemes.com,Bigender,49.105.230.175
419,Carolynn,Tohill,ctohillbm@ameblo.jp,Female,87.2.40.53
420,Janos,Trimby,jtrimbybn@tumblr.com,Male,16.30.164.174
421,Ailis,Morit,amoritbo@scientificamerican.com,Polygender,140.137.68.168
422,Alaster,Passie,apassiebp@uol.com.br,Female,69.216.59.98
423,Nicki,Cayford,ncayfordbq@xinhuanet.com,Male,219.166.239.48
424,Clifford,Yellowlee,cyellowleebr@ehow.com,Female,7.198.246.211
425,Suzann,Leese,sleesebs@zdnet.com,Female,100.73.111.204
426,Titus,Prine,tprinebt@wisc.edu,Female,185.201.109.229
427,Evelyn,Kik,ekikbu@cpanel.net,Male,35.95.170.121
428,Alfie,Lopes,alopesbv@bbb.org,Female,75.63.209.9
429,Siward,O'Sheeryne,sosheerynebw@spiegel.de,Female,52.28.55.52
430,Korey,Shwalbe,kshwalbebx@blogtalkradio.com,Female,137.19.63.41
431,Errol,Sollom,esollomby@cbslocal.com,Female,100.12.117.24
432,Hayden,Eddies,heddiesbz@elpais.com,Male,35.96.79.47
433,Emelita,Gullivent,egulliventc0@thetimes.co.uk,Female,28.196.0.73
434,Gusta,Smalridge,gsmalridgec1@europa.eu,Male,85.123.231.134
435,Willdon,Pfleger,wpflegerc2@house.gov,Female,54.16.134.215
436,Nada,Dymond,ndymondc3@shop-pro.jp,Male,50.139.16.29
437,Jillian,Milkin,jmilkinc4@buzzfeed.com,Female,247.204.194.216
438,Cynthy,Proger,cprogerc5@tinyurl.com,Male,104.189.221.33
439,Dre,Marquiss,dmarquissc6@github.io,Female,110.36.88.162
440,Cassandra,Skelington,cskelingtonc7@parallels.com,Female,219.69.177.173
441,Marielle,Plomer,mplomerc8@apache.org,Male,83.131.79.115
442,Shannon,Lebond,slebondc9@thetimes.co.uk,Male,53.157.93.29
443,Susi,Screwton,sscrewtonca@slideshare.net,Male,179.94.63.134
444,Reube,Urrey,rurreycb@51.la,Female,156.45.81.192
445,Winny,Guerre,wguerrecc@state.gov,Male,30.104.238.255
446,Julius,Berceros,jberceroscd@jugem.jp,Male,15.246.65.129
447,Alisa,Lammiman,alammimance@wikispaces.com,Male,168.141.72.36
448,Tull,Barge,tbargecf@1688.com,Male,217.183.53.96
449,Em,Truitt,etruittcg@globo.com,Female,194.184.172.177
450,Arv,Kloisner,akloisnerch@about.com,Female,157.240.47.141
451,Michele,Audiss,maudissci@gmpg.org,Male,98.141.174.106
452,Faye,Fishwick,ffishwickcj@blogspot.com,Female,4.205.125.46
453,Katusha,Neligan,kneliganck@mapquest.com,Female,60.13.163.82
454,Lynna,Arntzen,larntzencl@webs.com,Male,208.24.116.34
455,Robbert,Ellsbury,rellsburycm@github.io,Female,86.190.225.146
456,Dag,Busfield,dbusfieldcn@reuters.com,Male,32.117.21.167
457,John,Ellacott,jellacottco@telegraph.co.uk,Male,92.134.183.216
458,Lonnard,Winspur,lwinspurcp@spiegel.de,Female,112.35.112.91
459,Grata,Erbe,gerbecq@walmart.com,Female,33.184.227.81
460,Hube,Avo,havocr@mapquest.com,Male,215.195.130.137
461,Chic,Maruszewski,cmaruszewskics@apple.com,Male,83.26.74.13
462,Harlin,Gommey,hgommeyct@google.nl,Male,102.127.135.140
463,Ree,Rawlins,rrawlinscu@sun.com,Male,95.151.18.87
464,Talia,Tackley,ttackleycv@drupal.org,Agender,140.244.116.202
465,Panchito,Credland,pcredlandcw@salon.com,Female,231.91.157.218
466,Avrit,Keeney,akeeneycx@redcross.org,Female,143.83.254.86
467,Laurette,Sheppard,lsheppardcy@ow.ly,Bigender,139.159.207.168
468,Stewart,Nichols,snicholscz@symantec.com,Male,177.101.126.59
469,Estevan,Hannum,ehannumd0@hud.gov,Female,210.179.225.62
470,Thedrick,Jonson,tjonsond1@howstuffworks.com,Female,44.146.203.45
471,Dede,Perrottet,dperrottetd2@mysql.com,Female,51.87.51.165
472,Tawnya,Shilliday,tshillidayd3@yellowbook.com,Male,204.41.233.222
473,Megan,Dagnan,mdagnand4@booking.com,Female,61.195.29.210
474,Hamlen,Wadman,hwadmand5@sbwire.com,Female,98.195.39.126
475,Addy,Karpinski,akarpinskid6@zdnet.com,Genderfluid,115.36.121.120
476,Tomasina,Ridding,triddingd7@ow.ly,Male,47.169.90.32
477,Roch,Maven,rmavend8@amazonaws.com,Female,243.14.164.20
478,Theresita,Scimone,tscimoned9@wikimedia.org,Male,114.45.50.49
479,Orazio,Gorini,ogorinida@hatena.ne.jp,Male,100.200.7.24
480,Camellia,McRamsey,cmcramseydb@adobe.com,Male,127.2.195.61
481,Shel,Spencock,sspencockdc@wikispaces.com,Male,172.84.17.179
482,Bertram,Lacheze,blachezedd@bing.com,Male,125.178.87.190
483,Margi,Le Grys,mlegrysde@mlb.com,Male,75.231.239.125
484,Leisha,Petrichat,lpetrichatdf@rambler.ru,Male,75.77.46.64
485,Neill,Capaldo,ncapaldodg@geocities.com,Male,254.98.210.51
486,Abbey,Rennebach,arennebachdh@biblegateway.com,Female,13.208.46.17
487,Michaela,Pau,mpaudi@mac.com,Male,236.70.134.132
488,Harriet,Scough,hscoughdj@vkontakte.ru,Female,39.142.77.228
489,De witt,Mantrip,dmantripdk@wiley.com,Male,90.15.55.127
490,Franny,Bertson,fbertsondl@berkeley.edu,Male,133.86.102.91
491,Fraze,Knagges,fknaggesdm@buzzfeed.com,Female,198.153.226.165
492,Papagena,Curman,pcurmandn@ebay.co.uk,Female,12.43.6.200
493,Anabelle,Vane,avanedo@craigslist.org,Female,243.13.32.205
494,Tracey,Gratrex,tgratrexdp@barnesandnoble.com,Male,212.156.234.95
495,Cherri,Gueste,cguestedq@state.tx.us,Female,14.69.15.245
496,Alvina,Lemmon,alemmondr@state.gov,Female,63.51.26.22
497,Sharleen,Cowling,scowlingds@fema.gov,Female,211.49.141.55
498,Winni,Kier,wkierdt@whitehouse.gov,Male,191.147.74.223
499,Korrie,Barhems,kbarhemsdu@stumbleupon.com,Male,244.82.120.244
500,Billie,Velez,bvelezdv@clickbank.net,Male,29.235.225.192
501,Jessamyn,Janda,jjandadw@house.gov,Male,128.60.185.69
502,Curt,Hubbard,chubbarddx@networkadvertising.org,Female,95.53.18.147
503,Joscelin,Wilkerson,jwilkersondy@accuweather.com,Female,49.154.223.144
504,Jorrie,Canadine,jcanadinedz@mtv.com,Male,97.47.207.182
505,Hyatt,Siege,hsiegee0@facebook.com,Polygender,104.35.39.18
506,Genny,Boram,gborame1@shinystat.com,Male,25.56.120.236
507,Brooks,Hawken,bhawkene2@hatena.ne.jp,Male,122.149.107.250
508,Cchaddie,Mellem,cmelleme3@buzzfeed.com,Polygender,3.227.230.8
509,Gusta,Haggett,ghaggette4@360.cn,Female,53.130.120.95
510,Dido,Letchford,dletchforde5@engadget.com,Genderfluid,234.102.27.128
511,Marven,Hedau,mhedaue6@patch.com,Male,151.46.205.205
512,Wandie,Kryska,wkryskae7@altervista.org,Female,66.151.134.120
513,Cleveland,Picknett,cpicknette8@ocn.ne.jp,Female,222.52.178.167
514,Pru,Burde,pburdee9@hibu.com,Male,190.15.92.183
515,Bayard,Plaice,bplaiceea@smugmug.com,Non-binary,132.99.162.226
516,Saul,D'Arrigo,sdarrigoeb@simplemachines.org,Male,40.165.239.35
517,Mattie,Melendez,mmelendezec@surveymonkey.com,Female,56.5.93.138
518,Boot,Elphinstone,belphinstoneed@exblog.jp,Male,228.147.72.11
519,Dew,Patullo,dpatulloee@irs.gov,Male,180.132.21.81
520,Cynthie,Aven,cavenef@narod.ru,Male,234.150.112.149
521,Forbes,McCully,fmccullyeg@g.co,Female,74.255.80.151
522,Rupert,Sterricker,rsterrickereh@w3.org,Male,100.6.239.208
523,Susie,Weld,sweldei@live.com,Genderqueer,226.7.244.44
524,Jackelyn,Gatland,jgatlandej@google.nl,Male,201.155.235.18
525,Faina,Schuck,fschuckek@ehow.com,Male,65.16.113.175
526,Fianna,Pool,fpoolel@cdbaby.com,Agender,237.8.202.207
527,George,Allen,gallenem@chron.com,Female,40.74.222.114
528,Lela,Earpe,learpeen@shutterfly.com,Male,80.51.86.208
529,Audre,Schelle,aschelleeo@networkadvertising.org,Female,48.174.103.125
530,Christi,MacCombe,cmaccombeep@yellowbook.com,Male,63.251.123.109
531,Bliss,Luddy,bluddyeq@163.com,Male,119.103.199.150
532,Alasdair,Sherbourne,asherbourneer@nifty.com,Female,79.224.150.50
533,Nelle,Duligall,nduligalles@telegraph.co.uk,Male,222.171.149.140
534,Lory,Volage,lvolageet@globo.com,Male,119.174.13.27
535,Magnum,Lorenz,mlorenzeu@ebay.com,Female,189.7.235.123
536,Bari,Anchor,banchorev@japanpost.jp,Male,215.113.66.214
537,Gonzales,Morrieson,gmorriesonew@xrea.com,Male,237.166.121.243
538,Hollyanne,Basill,hbasillex@hexun.com,Female,137.198.40.42
539,Trista,Murcott,tmurcottey@imdb.com,Male,247.235.77.158
540,Augusto,Barnard,abarnardez@hibu.com,Polygender,64.221.41.113
541,Bryana,Mackelworth,bmackelworthf0@cafepress.com,Male,199.22.224.10
542,Nalani,Capelin,ncapelinf1@360.cn,Male,16.78.104.234
543,Jeri,Ramalho,jramalhof2@state.tx.us,Male,39.226.173.186
544,Marijo,Cousin,mcousinf3@globo.com,Female,235.141.46.142
545,Donovan,Folkard,dfolkardf4@virginia.edu,Female,143.222.91.78
546,Reba,Eccleston,recclestonf5@youku.com,Female,122.206.188.82
547,Hebert,Vondrys,hvondrysf6@a8.net,Female,13.94.135.59
548,Rubina,McAughtry,rmcaughtryf7@irs.gov,Female,201.12.195.231
549,Chevalier,Glashby,cglashbyf8@odnoklassniki.ru,Genderfluid,40.37.49.64
550,Bernetta,Lanahan,blanahanf9@mtv.com,Male,139.245.114.205
551,Willi,Simonds,wsimondsfa@springer.com,Male,245.159.25.52
552,Hanni,Farncombe,hfarncombefb@theglobeandmail.com,Male,206.208.252.19
553,Abie,Willwood,awillwoodfc@uol.com.br,Female,250.68.68.42
554,Ruthann,Bygraves,rbygravesfd@hibu.com,Male,25.81.135.213
555,Garrard,Airton,gairtonfe@mlb.com,Genderqueer,244.6.77.140
556,Maddie,Longbothom,mlongbothomff@youtube.com,Female,206.148.211.202
557,Harris,Prall,hprallfg@opera.com,Female,58.152.74.201
558,Bertie,Rizzelli,brizzellifh@comcast.net,Male,112.80.159.228
559,Pierre,Major,pmajorfi@webs.com,Female,226.163.198.128
560,Eddie,Ferronel,eferronelfj@sakura.ne.jp,Non-binary,102.163.146.195
561,Earlie,MacPike,emacpikefk@wikia.com,Female,239.7.134.135
562,Haley,Gallear,hgallearfl@google.es,Male,11.158.152.52
563,Waldo,Piscopiello,wpiscopiellofm@sciencedaily.com,Female,11.152.202.161
564,Tera,Lambrook,tlambrookfn@mysql.com,Female,103.208.88.195
565,Ceciley,Fitzpayn,cfitzpaynfo@cornell.edu,Male,174.224.109.195
566,Isabelita,Blencowe,iblencowefp@about.me,Male,58.152.183.214
567,Elspeth,Goracci,egoraccifq@google.com.au,Agender,160.39.38.167
568,Justin,Pelos,jpelosfr@paginegialle.it,Male,118.205.52.248
569,Corrinne,Cavey,ccaveyfs@trellian.com,Female,143.115.189.221
570,Itch,Summerrell,isummerrellft@chronoengine.com,Female,142.74.238.72
571,Bette-ann,Linggood,blinggoodfu@example.com,Male,145.82.237.251
572,Dalis,Krout,dkroutfv@ftc.gov,Male,158.229.211.126
573,Puff,Maren,pmarenfw@com.com,Female,142.165.202.3
574,Crawford,Rawne,crawnefx@de.vu,Male,207.212.143.231
575,Stormie,Spaughton,sspaughtonfy@youku.com,Male,230.49.167.192
576,Oswell,Iles,oilesfz@domainmarket.com,Female,185.166.239.32
577,Giselbert,McGaw,gmcgawg0@sciencedaily.com,Female,83.145.13.3
578,Blithe,Corriea,bcorrieag1@vkontakte.ru,Male,107.168.236.13
579,Munmro,Donnell,mdonnellg2@aol.com,Male,213.156.124.130
580,Bettye,Conquer,bconquerg3@pbs.org,Female,178.117.150.159
581,Haslett,Athow,hathowg4@miitbeian.gov.cn,Agender,46.66.169.237
582,Una,Covey,ucoveyg5@abc.net.au,Male,232.66.205.142
583,Randell,Rohlf,rrohlfg6@canalblog.com,Female,0.72.29.62
584,Dwight,Leopard,dleopardg7@nsw.gov.au,Male,61.141.249.193
585,Jdavie,Deerness,jdeernessg8@home.pl,Male,126.215.5.225
586,Willy,Mollen,wmolleng9@sourceforge.net,Male,144.143.228.76
587,Desmund,D'Onise,ddonisega@irs.gov,Male,242.163.94.171
588,Terrance,Till,ttillgb@unc.edu,Male,97.104.41.215
589,Constantin,Confait,cconfaitgc@etsy.com,Female,50.56.116.253
590,Nananne,Golt,ngoltgd@feedburner.com,Female,90.234.212.51
591,Rheta,Aylmer,raylmerge@huffingtonpost.com,Male,221.102.5.7
592,Heriberto,Scud,hscudgf@dailymotion.com,Female,169.102.10.105
593,Ethelind,Douthwaite,edouthwaitegg@wikipedia.org,Male,217.208.165.132
594,Caritta,Samarth,csamarthgh@theguardian.com,Female,34.132.40.49
595,Maureene,Dicty,mdictygi@tiny.cc,Female,151.75.184.120
596,Mathilda,Ingerith,mingerithgj@quantcast.com,Male,111.11.188.112
597,Vere,Thams,vthamsgk@godaddy.com,Male,197.154.77.46
598,Borg,Britten,bbrittengl@bloglovin.com,Male,17.237.155.89
599,Debi,Marklin,dmarklingm@domainmarket.com,Female,4.252.53.147
600,Godiva,Walsh,gwalshgn@blogger.com,Male,119.129.1.62
601,Thaine,Springtorp,tspringtorpgo@vistaprint.com,Female,69.167.25.255
602,Cointon,Thripp,cthrippgp@angelfire.com,Male,81.221.129.128
603,Iosep,Cecchetelli,icecchetelligq@vistaprint.com,Non-binary,208.139.210.7
604,Lenette,Sargent,lsargentgr@auda.org.au,Male,141.208.108.86
605,Viole,Angerstein,vangersteings@bizjournals.com,Male,49.59.175.51
606,Geralda,Wolfinger,gwolfingergt@eepurl.com,Female,229.190.77.225
607,Jud,Kiehne,jkiehnegu@google.nl,Male,109.138.79.205
608,Kate,Blodg,kblodggv@cnn.com,Female,93.17.176.235
609,Nowell,Gansbuhler,ngansbuhlergw@umn.edu,Agender,137.83.213.76
610,Michaela,Whodcoat,mwhodcoatgx@unicef.org,Male,14.228.241.149
611,Delila,Birch,dbirchgy@dyndns.org,Female,93.230.99.94
612,Clarabelle,Housbie,chousbiegz@pen.io,Agender,146.152.39.96
613,Nertie,Eastmead,neastmeadh0@goodreads.com,Female,36.153.8.212
614,Andriette,D'Aulby,adaulbyh1@php.net,Male,222.28.240.71
615,Neille,Hullins,nhullinsh2@bizjournals.com,Male,15.53.141.186
616,Teddy,Youthead,tyoutheadh3@usnews.com,Male,134.88.8.12
617,Dulce,Edlyn,dedlynh4@flavors.me,Female,58.165.31.51
618,Kala,Szachniewicz,kszachniewiczh5@com.com,Female,97.209.90.210
619,Chucho,Bonnette,cbonnetteh6@dion.ne.jp,Female,138.219.185.250
620,Wallache,Blincko,wblinckoh7@t-online.de,Male,168.69.10.187
621,Adelbert,Franzettoini,afranzettoinih8@eventbrite.com,Male,97.122.204.191
622,Damita,Freda,dfredah9@homestead.com,Female,27.2.177.184
623,Araldo,Harget,ahargetha@google.co.uk,Female,145.129.156.119
624,Charlean,Goodier,cgoodierhb@histats.com,Male,71.234.241.203
625,Hyman,Coldman,hcoldmanhc@cnbc.com,Female,212.39.222.254
626,Katrina,Meader,kmeaderhd@unblog.fr,Female,79.144.197.219
627,Lyon,Battleson,lbattlesonhe@boston.com,Female,183.120.80.165
628,Marietta,Vales,mvaleshf@networksolutions.com,Female,29.74.232.216
629,William,Mabley,wmableyhg@ihg.com,Male,44.205.35.105
630,Stevy,McKeighan,smckeighanhh@biglobe.ne.jp,Polygender,8.84.23.228
631,Lionel,Bockh,lbockhhi@springer.com,Female,73.36.44.228
632,Marybelle,Lochhead,mlochheadhj@dot.gov,Female,199.26.75.180
633,Misha,Latchford,mlatchfordhk@creativecommons.org,Female,2.79.129.131
634,Arlana,Gherarducci,agherarduccihl@bigcartel.com,Female,140.14.91.111
635,Bunny,Pedycan,bpedycanhm@state.tx.us,Female,123.163.41.4
636,Gardner,Dulson,gdulsonhn@jalbum.net,Female,248.250.92.72
637,Clarisse,Farreil,cfarreilho@census.gov,Male,96.96.174.74
638,Layla,Weeke,lweekehp@ebay.com,Female,182.25.3.203
639,Alonzo,Foale,afoalehq@people.com.cn,Male,209.232.71.49
640,Betteanne,Bimson,bbimsonhr@oracle.com,Female,183.99.201.91
641,Ilyse,Bache,ibachehs@woothemes.com,Male,48.106.240.67
642,D'arcy,Gorgen,dgorgenht@si.edu,Bigender,101.203.80.160
643,Clemmie,Brigginshaw,cbrigginshawhu@sciencedirect.com,Male,15.136.145.42
644,Cindy,Dalloway,cdallowayhv@blogger.com,Male,38.189.24.149
645,Durante,Hellwing,dhellwinghw@meetup.com,Female,228.193.168.0
646,Roosevelt,Daldan,rdaldanhx@ifeng.com,Male,147.69.36.215
647,Horatius,Semper,hsemperhy@blogtalkradio.com,Female,72.93.229.117
648,Arlyne,Farreil,afarreilhz@merriam-webster.com,Male,122.176.37.22
649,Arvin,Allsop,aallsopi0@google.co.jp,Female,126.209.48.121
650,Belinda,Dory,bdoryi1@irs.gov,Female,139.231.79.179
651,Elli,Castleman,ecastlemani2@eventbrite.com,Agender,56.222.93.69
652,Weider,Holby,wholbyi3@youtube.com,Female,206.230.46.210
653,Lana,Waldram,lwaldrami4@technorati.com,Female,143.231.40.33
654,Zebadiah,Cawt,zcawti5@merriam-webster.com,Male,221.183.125.113
655,Kristien,Keddy,kkeddyi6@trellian.com,Male,23.60.73.70
656,Cyrille,Bellin,cbellini7@canalblog.com,Male,50.62.126.139
657,Dorry,Recher,drecheri8@livejournal.com,Female,248.147.178.176
658,Weidar,Portchmouth,wportchmouthi9@illinois.edu,Female,180.102.136.82
659,Chadwick,Carder,ccarderia@apple.com,Male,62.1.11.141
660,Piper,Benge,pbengeib@aol.com,Female,134.116.240.205
661,Trev,Douche,tdoucheic@vimeo.com,Male,111.207.227.241
662,Herold,Demonge,hdemongeid@microsoft.com,Female,168.9.186.30
663,Rivkah,Bedwell,rbedwellie@opera.com,Female,34.223.142.100
664,Boony,Eglinton,beglintonif@surveymonkey.com,Female,244.137.181.19
665,Erasmus,Stealey,estealeyig@cmu.edu,Male,120.119.165.79
666,Twyla,Rankling,tranklingih@bluehost.com,Agender,103.30.218.138
667,Silvana,Santry,ssantryii@ustream.tv,Female,115.78.194.51
668,Danella,Shillabeer,dshillabeerij@engadget.com,Male,127.69.218.18
669,Brennen,Perassi,bperassiik@soup.io,Female,100.180.232.126
670,Guglielma,Jaspar,gjasparil@kickstarter.com,Female,185.9.206.56
671,Albertina,Kennett,akennettim@facebook.com,Male,14.252.54.216
672,Godiva,Trusty,gtrustyin@geocities.jp,Male,205.80.168.6
673,Umeko,Golsthorp,ugolsthorpio@instagram.com,Female,116.231.143.102
674,Lilian,Scotcher,lscotcherip@nymag.com,Female,8.102.52.79
675,Lammond,Myderscough,lmyderscoughiq@amazon.co.uk,Female,202.14.111.113
676,Lezley,Guerre,lguerreir@nydailynews.com,Male,232.209.99.77
677,Torrance,Pittle,tpittleis@about.me,Male,131.65.200.198
678,Marline,Winser,mwinserit@ca.gov,Male,166.185.60.118
679,Lissie,Hammant,lhammantiu@soup.io,Male,203.143.55.28
680,Stevana,Thomton,sthomtoniv@google.it,Male,169.62.112.32
681,Tierney,Ayres,tayresiw@nhs.uk,Male,95.69.222.217
682,Cindie,O'Loughane,coloughaneix@etsy.com,Female,70.193.241.208
683,Alaric,Mushet,amushetiy@ebay.com,Female,223.194.31.234
684,Gerrie,Ghirigori,gghirigoriiz@home.pl,Male,191.66.165.222
685,Giles,Jobern,gjobernj0@cpanel.net,Female,73.57.196.45
686,Nathanial,Gibbs,ngibbsj1@rambler.ru,Female,168.88.239.224
687,Lesya,Lowden,llowdenj2@vkontakte.ru,Male,160.87.245.4
688,Gaven,Maryman,gmarymanj3@netscape.com,Female,87.104.226.121
689,Anthe,Kynsey,akynseyj4@mozilla.com,Male,229.76.215.248
690,Kailey,Filippyev,kfilippyevj5@xing.com,Male,195.136.153.169
691,Kimmie,Klaff,kklaffj6@twitter.com,Male,216.26.201.252
692,Tate,Padley,tpadleyj7@ft.com,Female,153.14.181.119
693,Gerrie,Snead,gsneadj8@newyorker.com,Male,19.50.31.172
694,Max,Devey,mdeveyj9@sina.com.cn,Female,3.90.215.247
695,Ursa,Craddy,ucraddyja@discovery.com,Female,252.164.136.79
696,Karole,Filkin,kfilkinjb@fema.gov,Female,93.97.59.206
697,Laney,Francois,lfrancoisjc@cloudflare.com,Male,79.54.48.60
698,Ciro,McHugh,cmchughjd@homestead.com,Female,176.161.201.163
699,Rosene,Eddleston,reddlestonje@blog.com,Female,55.3.225.228
700,Ollie,Antyukhin,oantyukhinjf@si.edu,Female,54.246.38.65
701,Dwain,Parris,dparrisjg@bluehost.com,Male,221.133.205.54
702,Angelina,Tew,atewjh@tamu.edu,Male,90.195.115.56
703,Shaylynn,Whitby,swhitbyji@cafepress.com,Male,169.56.100.137
704,Delores,Folli,dfollijj@canalblog.com,Male,182.100.229.122
705,Pegeen,Fishenden,pfishendenjk@indiegogo.com,Female,199.130.65.16
706,Margret,Hek,mhekjl@blogs.com,Male,233.226.153.197
707,Boote,Flinders,bflindersjm@walmart.com,Female,116.252.231.106
708,Hugues,Mytton,hmyttonjn@smugmug.com,Genderfluid,144.52.229.40
709,Starlene,Schubuser,sschubuserjo@scribd.com,Female,86.161.52.115
710,Kippy,Feander,kfeanderjp@springer.com,Male,246.152.78.31
711,Bobbette,Fogden,bfogdenjq@squarespace.com,Female,212.49.138.39
712,Evey,Bonnette,ebonnettejr@globo.com,Female,156.162.162.111
713,Forester,Wickham,fwickhamjs@woothemes.com,Female,19.249.114.43
714,Rachele,Kimmins,rkimminsjt@cafepress.com,Non-binary,221.143.5.101
715,Garek,Acarson,gacarsonju@shutterfly.com,Male,30.242.52.243
716,Meade,Crichten,mcrichtenjv@hhs.gov,Female,45.205.5.145
717,Staford,Garvie,sgarviejw@1und1.de,Male,158.112.214.27
718,Giralda,Sproul,gsprouljx@webs.com,Female,97.45.109.11
719,Simon,Seeman,sseemanjy@ucoz.ru,Female,112.44.88.171
720,Trina,Wilprecht,twilprechtjz@dyndns.org,Male,53.94.40.100
721,Noach,Davidovich,ndavidovichk0@prweb.com,Male,101.153.251.144
722,Ferd,Waberer,fwabererk1@harvard.edu,Female,63.206.94.50
723,Glynda,Darch,gdarchk2@comsenz.com,Male,61.145.46.150
724,Theressa,Fraschini,tfraschinik3@hubpages.com,Male,43.171.53.252
725,Gwenni,Mateuszczyk,gmateuszczykk4@123-reg.co.uk,Female,130.93.122.152
726,Jodee,Sutehall,jsutehallk5@adobe.com,Male,155.16.24.124
727,Oby,Muat,omuatk6@amazon.com,Female,32.93.68.116
728,Nikoletta,Thunnercliffe,nthunnercliffek7@craigslist.org,Female,60.75.145.235
729,Aigneis,Attle,aattlek8@ted.com,Female,109.71.167.231
730,Hewitt,Fante,hfantek9@photobucket.com,Bigender,154.169.123.240
731,Madelin,Kohter,mkohterka@time.com,Male,30.236.75.115
732,Amii,Peacham,apeachamkb@reuters.com,Female,88.125.142.23
733,Jobyna,Pacquet,jpacquetkc@google.co.uk,Male,32.209.188.91
734,Kore,Cicci,kciccikd@homestead.com,Male,143.161.105.11
735,Will,Reucastle,wreucastleke@businessweek.com,Male,156.196.173.196
736,Hyman,Godlee,hgodleekf@dell.com,Female,101.142.146.54
737,Natalee,Stennine,nstenninekg@nifty.com,Male,129.194.70.131
738,Melisandra,Leebetter,mleebetterkh@apache.org,Female,161.158.223.11
739,Pepita,Count,pcountki@plala.or.jp,Female,50.140.125.132
740,Reiko,Merring,rmerringkj@hp.com,Female,203.8.249.81
741,Meier,Brundall,mbrundallkk@hexun.com,Female,90.33.55.89
742,Roarke,Trimble,rtrimblekl@mtv.com,Male,62.129.14.206
743,Lauryn,Greguoli,lgreguolikm@dagondesign.com,Male,194.121.146.231
744,Gearard,Garment,ggarmentkn@japanpost.jp,Genderfluid,61.201.146.49
745,Cort,Tallon,ctallonko@businesswire.com,Genderqueer,132.236.189.254
746,Georges,Smolan,gsmolankp@typepad.com,Female,192.224.158.169
747,Wallie,Heeley,wheeleykq@dmoz.org,Female,194.192.184.168
748,Kattie,Munkton,kmunktonkr@i2i.jp,Female,197.134.135.99
749,Pauli,Madgwick,pmadgwickks@ucla.edu,Male,169.86.41.161
750,Carlye,Tomsett,ctomsettkt@scientificamerican.com,Male,5.65.238.101
751,Kerry,Pablos,kpablosku@edublogs.org,Male,144.110.211.89
752,Milo,Baulch,mbaulchkv@discovery.com,Male,254.149.24.248
753,Cherish,Dovydenas,cdovydenaskw@squarespace.com,Male,30.96.98.213
754,Otis,Sandifer,osandiferkx@livejournal.com,Male,215.185.88.82
755,Monte,Kensley,mkensleyky@usatoday.com,Male,82.87.76.57
756,Darby,Oakton,doaktonkz@devhub.com,Female,228.187.189.163
757,Netty,Witul,nwitull0@live.com,Polygender,236.61.141.106
758,Gill,Lubbock,glubbockl1@unicef.org,Male,247.10.0.167
759,Earlie,Roycraft,eroycraftl2@webnode.com,Male,160.54.186.52
760,Kristal,Plant,kplantl3@cornell.edu,Male,250.22.68.91
761,Georgy,Beves,gbevesl4@dagondesign.com,Male,185.252.176.47
762,Lauraine,Swaden,lswadenl5@youku.com,Male,131.188.46.44
763,Tiena,Borham,tborhaml6@illinois.edu,Male,187.146.154.182
764,Cortney,Eliasen,celiasenl7@abc.net.au,Male,94.160.250.191
765,Mitch,Dat,mdatl8@infoseek.co.jp,Male,55.17.50.128
766,Kalil,Casillas,kcasillasl9@sun.com,Female,122.24.178.138
767,Cary,Cherm,cchermla@europa.eu,Female,17.103.53.132
768,Myrah,Connah,mconnahlb@buzzfeed.com,Male,14.237.18.143
769,Madonna,Bott,mbottlc@house.gov,Male,208.255.238.136
770,Dorine,Eustis,deustisld@mac.com,Male,70.128.191.33
771,Sandor,Winspeare,swinspearele@dmoz.org,Male,227.156.198.16
772,Dayle,Eannetta,deannettalf@accuweather.com,Female,249.168.254.34
773,Karlens,Blackborne,kblackbornelg@cmu.edu,Female,116.39.38.194
774,Jud,Sleightholme,jsleightholmelh@jimdo.com,Female,92.110.150.213
775,Tamma,Arrundale,tarrundaleli@yelp.com,Female,193.49.221.101
776,Hana,Collet,hcolletlj@hubpages.com,Female,244.17.121.114
777,Mycah,Wahncke,mwahnckelk@google.co.jp,Female,139.135.30.139
778,Harlen,Canete,hcanetell@amazon.com,Female,224.184.27.99
779,Lacy,Clacson,lclacsonlm@huffingtonpost.com,Male,154.228.27.205
780,Brant,O'Breen,bobreenln@bloglovin.com,Male,163.159.9.124
781,Tierney,Braznell,tbraznelllo@nyu.edu,Bigender,42.183.158.157
782,Mirella,Gloucester,mgloucesterlp@csmonitor.com,Male,172.213.67.122
783,Jody,Pincott,jpincottlq@slate.com,Female,66.9.127.178
784,Harmonia,Canada,hcanadalr@zimbio.com,Bigender,90.192.185.42
785,Ashly,Papa,apapals@wp.com,Female,0.120.37.205
786,Sasha,Pinock,spinocklt@dailymail.co.uk,Male,34.1.85.181
787,Rickert,Wheaton,rwheatonlu@dedecms.com,Female,252.122.215.149
788,Morse,Itschakov,mitschakovlv@bloglines.com,Female,115.1.107.142
789,Quentin,Downham,qdownhamlw@goo.gl,Male,36.15.243.45
790,Keri,Bowers,kbowerslx@tripadvisor.com,Genderqueer,170.220.27.158
791,Jannel,Fanton,jfantonly@dailymotion.com,Male,111.37.190.31
792,Lanie,Rentoll,lrentolllz@joomla.org,Male,65.214.169.227
793,Ellwood,McFayden,emcfaydenm0@ovh.net,Female,7.194.130.149
794,Myron,Sandever,msandeverm1@aboutads.info,Female,51.96.209.187
795,Ashlan,Leathe,aleathem2@who.int,Male,92.36.118.61
796,Tam,Auguste,taugustem3@bloomberg.com,Female,43.187.40.243
797,Reinaldo,Verecker,rvereckerm4@slate.com,Genderfluid,197.250.158.207
798,Morly,Geale,mgealem5@sciencedaily.com,Female,246.63.112.148
799,Annmaria,Toderbrugge,atoderbruggem6@tuttocitta.it,Polygender,210.10.32.10
800,Fidelity,Labrum,flabrumm7@ft.com,Female,69.230.220.124
801,Louisa,Collibear,lcollibearm8@phpbb.com,Male,76.37.130.71
802,Saundra,Kinghorne,skinghornem9@sphinn.com,Male,43.183.47.82
803,Koralle,Pillans,kpillansma@people.com.cn,Female,236.217.223.108
804,Derril,Cossington,dcossingtonmb@amazon.co.uk,Male,130.198.26.227
805,Fanni,Daulby,fdaulbymc@latimes.com,Male,232.56.109.20
806,Alleyn,Emsden,aemsdenmd@w3.org,Female,161.178.253.138
807,Kamilah,Kerrigan,kkerriganme@dagondesign.com,Polygender,100.5.20.117
808,Sharyl,Minocchi,sminocchimf@barnesandnoble.com,Male,165.116.46.84
809,Katha,Takos,ktakosmg@liveinternet.ru,Male,112.53.207.69
810,Aleece,Hessenthaler,ahessenthalermh@goodreads.com,Male,116.50.13.237
811,Bear,Lacroix,blacroixmi@facebook.com,Male,209.255.29.236
812,Fredra,Kunes,fkunesmj@cam.ac.uk,Male,249.191.230.47
813,Letisha,McAughtry,lmcaughtrymk@nature.com,Female,30.41.206.136
814,Mareah,Reichert,mreichertml@hc360.com,Male,97.176.5.143
815,Bordy,Castle,bcastlemm@macromedia.com,Female,60.45.28.155
816,Zarah,Lengthorn,zlengthornmn@cargocollective.com,Male,7.208.138.10
817,Kingston,Rose,krosemo@springer.com,Female,64.33.23.116
818,Roman,Seebert,rseebertmp@goo.gl,Male,32.119.8.220
819,Poul,De Zuani,pdezuanimq@sbwire.com,Male,9.187.183.131
820,Penrod,Ludron,pludronmr@craigslist.org,Female,84.85.208.181
821,Emmott,Gummery,egummeryms@vkontakte.ru,Male,18.26.54.115
822,Farah,Lorey,floreymt@wikimedia.org,Female,61.213.17.205
823,Di,McClounan,dmcclounanmu@histats.com,Genderfluid,48.65.71.29
824,Tan,Androck,tandrockmv@blinklist.com,Female,189.195.125.202
825,Woodman,Hall,whallmw@independent.co.uk,Male,227.49.48.149
826,Beryl,Ludwikiewicz,bludwikiewiczmx@techcrunch.com,Male,189.78.169.149
827,Norton,How,nhowmy@parallels.com,Female,82.203.210.146
828,Kaila,Rothman,krothmanmz@creativecommons.org,Female,243.20.66.21
829,Zilvia,Scard,zscardn0@sciencedirect.com,Genderqueer,46.35.101.237
830,Karina,Pochin,kpochinn1@netvibes.com,Female,245.154.200.18
831,Ana,Willock,awillockn2@bloomberg.com,Male,102.151.146.40
832,Bobina,Meadowcroft,bmeadowcroftn3@yahoo.co.jp,Male,117.117.177.94
833,Gayel,Crate,gcraten4@arstechnica.com,Female,157.56.69.179
834,Ara,Bidder,abiddern5@360.cn,Female,7.75.136.170
835,Domeniga,Harsent,dharsentn6@jiathis.com,Male,69.170.186.199
836,Cyndi,Rainey,craineyn7@wix.com,Female,27.154.41.214
837,Wildon,Fergie,wfergien8@liveinternet.ru,Female,67.153.30.253
838,Reina,Papis,rpapisn9@utexas.edu,Female,162.208.118.233
839,Brodie,Edling,bedlingna@simplemachines.org,Male,40.35.190.178
840,Margarethe,Rearie,mrearienb@columbia.edu,Female,201.57.203.51
841,Knox,Hallford,khallfordnc@berkeley.edu,Female,188.2.170.121
842,Nap,Schubert,nschubertnd@yellowpages.com,Female,26.119.197.120
843,Seline,Smiz,ssmizne@homestead.com,Female,64.46.127.32
844,Jermayne,Purry,jpurrynf@desdev.cn,Male,167.246.55.203
845,Zacherie,Looby,zloobyng@mac.com,Male,135.89.3.27
846,Oby,Greenham,ogreenhamnh@tmall.com,Male,0.177.81.106
847,Lynnelle,Sicily,lsicilyni@parallels.com,Male,74.130.130.161
848,Law,Armatys,larmatysnj@dailymail.co.uk,Female,81.131.187.19
849,Goober,Basezzi,gbasezzink@bbb.org,Female,198.58.234.133
850,Astrid,Standley,astandleynl@amazon.com,Male,22.227.194.61
851,Cirillo,Blenkinship,cblenkinshipnm@adobe.com,Genderqueer,174.154.5.65
852,Tildi,Allworthy,tallworthynn@huffingtonpost.com,Male,185.187.138.10
853,Alisun,Mawhinney,amawhinneyno@dagondesign.com,Polygender,129.174.227.84
854,Electra,MacGettigen,emacgettigennp@amazon.co.jp,Male,235.80.42.173
855,Stevena,Windress,swindressnq@hhs.gov,Male,64.241.168.3
856,Simone,Seide,sseidenr@nytimes.com,Female,124.252.195.161
857,John,Botting,jbottingns@answers.com,Male,109.141.211.160
858,Celestyn,Waleran,cwalerannt@biblegateway.com,Polygender,239.5.100.116
859,Nolly,Ambrois,nambroisnu@harvard.edu,Male,195.199.50.164
860,Geoffrey,Jobbing,gjobbingnv@home.pl,Female,81.191.138.207
861,Enrica,Loadman,eloadmannw@statcounter.com,Genderqueer,160.122.165.87
862,Nonna,Sharman,nsharmannx@spiegel.de,Male,182.249.27.147
863,Melisande,Mishaw,mmishawny@latimes.com,Male,14.106.160.49
864,Jeanna,Rooms,jroomsnz@joomla.org,Male,3.113.55.34
865,Jaquelin,Westcar,jwestcaro0@theguardian.com,Female,41.104.224.76
866,Haily,Beane,hbeaneo1@blog.com,Female,242.47.213.62
867,Coralie,Sorrel,csorrelo2@accuweather.com,Female,168.2.125.168
868,Broderic,Slorance,bsloranceo3@bandcamp.com,Male,31.154.20.219
869,Brunhilda,Scudder,bscuddero4@usnews.com,Male,21.40.35.171
870,Rozanna,Curd,rcurdo5@dyndns.org,Female,100.19.151.104
871,Edeline,Gniewosz,egniewoszo6@github.io,Non-binary,31.103.23.75
872,Faustine,Ahearne,fahearneo7@github.com,Female,117.31.190.59
873,Natalie,Warbys,nwarbyso8@reference.com,Male,146.230.19.112
874,Ulysses,Souch,usoucho9@google.pl,Female,66.177.77.28
875,Fabien,Knowlton,fknowltonoa@google.co.uk,Female,202.217.58.150
876,Pryce,Dillingstone,pdillingstoneob@wikia.com,Male,106.68.60.156
877,Cory,Burdytt,cburdyttoc@cornell.edu,Male,191.227.111.121
878,Waldo,Rowe,wroweod@theguardian.com,Female,202.113.6.29
879,Padriac,Oaten,poatenoe@utexas.edu,Bigender,149.188.59.251
880,Aurea,Bettesworth,abettesworthof@spotify.com,Male,50.3.87.209
881,Brooke,Hrinchishin,bhrinchishinog@msn.com,Female,61.36.194.150
882,Had,Hurnell,hhurnelloh@nymag.com,Non-binary,11.63.75.217
883,Frazer,Rouch,frouchoi@mtv.com,Male,122.172.83.238
884,Maggie,Wederell,mwederelloj@posterous.com,Male,238.114.139.94
885,Brok,MacCoughan,bmaccoughanok@cargocollective.com,Male,150.167.68.166
886,Malachi,Haws,mhawsol@sfgate.com,Male,136.221.249.192
887,Addison,Denver,adenverom@paypal.com,Polygender,52.52.36.168
888,Alejandrina,McKeefry,amckeefryon@dailymotion.com,Female,143.72.26.43
889,Ferguson,Clemmens,fclemmensoo@yahoo.co.jp,Female,130.12.21.211
890,Lola,Harkess,lharkessop@mapquest.com,Male,89.147.20.120
891,Zita,Ungerer,zungereroq@vimeo.com,Male,98.149.240.186
892,Patricia,Kuhle,pkuhleor@addtoany.com,Male,215.81.14.209
893,Carroll,Toth,ctothos@nih.gov,Female,61.71.47.130
894,Flint,Stanway,fstanwayot@marriott.com,Male,135.136.248.65
895,Violet,Cullabine,vcullabineou@spotify.com,Female,46.13.128.209
896,Jeana,Marskell,jmarskellov@va.gov,Male,221.40.194.225
897,Shurwood,Orrey,sorreyow@narod.ru,Female,124.151.16.229
898,Gayla,Swalteridge,gswalteridgeox@whitehouse.gov,Non-binary,23.46.180.163
899,Cass,Leaming,cleamingoy@amazon.de,Female,57.212.232.229
900,Anni,Dutnall,adutnalloz@google.com,Male,133.100.92.160
901,Saul,Francescotti,sfrancescottip0@technorati.com,Female,85.41.183.81
902,Hillier,Waith,hwaithp1@google.pl,Male,177.110.221.13
903,Ulysses,Torry,utorryp2@rakuten.co.jp,Female,238.61.175.82
904,Odelia,Leirmonth,oleirmonthp3@vistaprint.com,Female,229.28.135.248
905,Salomo,Penkethman,spenkethmanp4@dmoz.org,Genderfluid,186.63.61.49
906,Codee,Rought,croughtp5@blogtalkradio.com,Female,59.106.196.196
907,Zilvia,Vasyaev,zvasyaevp6@360.cn,Female,59.9.16.169
908,Gussie,Gartenfeld,ggartenfeldp7@cyberchimps.com,Male,28.89.247.42
909,Rosabel,Shepcutt,rshepcuttp8@surveymonkey.com,Male,151.251.9.228
910,Dona,MacKereth,dmackerethp9@google.nl,Female,132.43.242.6
911,Lucine,Detoc,ldetocpa@diigo.com,Male,172.23.118.184
912,Irwin,Volk,ivolkpb@blogspot.com,Male,31.151.203.230
913,Westleigh,Caudrey,wcaudreypc@domainmarket.com,Female,51.91.209.126
914,Haven,Toon,htoonpd@unicef.org,Female,32.150.3.175
915,Lambert,Gladyer,lgladyerpe@webs.com,Male,38.255.56.131
916,Gino,Brace,gbracepf@about.com,Male,195.82.165.140
917,Laryssa,Burnie,lburniepg@google.nl,Male,164.94.32.190
918,Lisha,Sushams,lsushamsph@businesswire.com,Male,66.54.68.244
919,Moss,Papez,mpapezpi@a8.net,Female,171.20.112.52
920,Fletcher,Normavell,fnormavellpj@apple.com,Female,215.112.166.246
921,Bobbye,Bolzen,bbolzenpk@washingtonpost.com,Female,210.135.183.101
922,Tiphany,Rowden,trowdenpl@hhs.gov,Male,76.221.3.49
923,Dyanna,M'cowis,dmcowispm@a8.net,Male,122.135.81.168
924,Jacquelyn,Sandcraft,jsandcraftpn@omniture.com,Female,193.211.57.44
925,Nikki,Willarton,nwillartonpo@nyu.edu,Female,235.35.203.21
926,Tarra,Sangwine,tsangwinepp@marketwatch.com,Genderfluid,19.30.211.33
927,Min,Gavini,mgavinipq@wsj.com,Female,236.14.10.39
928,Devin,Hassett,dhassettpr@sphinn.com,Male,74.29.191.19
929,Florian,Schustl,fschustlps@spiegel.de,Genderfluid,100.148.154.13
930,Nora,Musterd,nmusterdpt@spiegel.de,Female,133.67.225.136
931,Kerwinn,Oliva,kolivapu@census.gov,Female,134.120.171.83
932,Clo,Vanstone,cvanstonepv@pen.io,Male,48.219.38.205
933,Jenifer,Brenston,jbrenstonpw@indiatimes.com,Male,203.91.236.224
934,Tamiko,Rahl,trahlpx@pinterest.com,Male,33.2.252.41
935,Penrod,Imlen,pimlenpy@digg.com,Female,208.8.180.173
936,Irena,Giffin,igiffinpz@cnn.com,Female,7.207.66.149
937,Lazar,Lambdin,llambdinq0@bloomberg.com,Female,130.250.126.138
938,Rickie,Dofty,rdoftyq1@quantcast.com,Female,222.65.209.66
939,Sunshine,Edelheid,sedelheidq2@lulu.com,Male,218.47.35.186
940,Emery,Pimlett,epimlettq3@redcross.org,Female,221.92.71.73
941,Cinnamon,Catton,ccattonq4@tinyurl.com,Male,136.196.87.202
942,Liam,Orwell,lorwellq5@wiley.com,Male,179.53.119.255
943,Nealson,Goard,ngoardq6@shareasale.com,Female,183.89.114.130
944,Chelsey,Love,cloveq7@dropbox.com,Female,74.56.211.16
945,Bing,Newvell,bnewvellq8@wiley.com,Male,79.12.231.200
946,Latisha,Rodge,lrodgeq9@google.co.uk,Female,100.120.118.113
947,Fidelity,Tuckett,ftuckettqa@canalblog.com,Male,148.156.164.11
948,Syman,Lindsell,slindsellqb@soundcloud.com,Male,227.79.149.70
949,Catherin,Stell,cstellqc@discovery.com,Male,185.141.53.145
950,Feodora,Orbon,forbonqd@blinklist.com,Male,65.138.126.203
951,Sascha,Egel,segelqe@4shared.com,Female,173.210.222.35
952,Miranda,Millmore,mmillmoreqf@independent.co.uk,Female,215.160.20.62
953,Elissa,Readshaw,ereadshawqg@twitpic.com,Male,214.162.12.164
954,Ray,Nicklen,rnicklenqh@github.io,Male,65.185.14.227
955,Vanna,Duprey,vdupreyqi@cpanel.net,Female,234.8.93.66
956,Olva,Goldspink,ogoldspinkqj@51.la,Female,135.84.245.62
957,Colly,Yakubovich,cyakubovichqk@opensource.org,Female,84.53.29.80
958,Hedwig,Risdall,hrisdallql@cmu.edu,Male,180.133.124.16
959,Tiffani,Deas,tdeasqm@mlb.com,Male,246.131.130.121
960,Liza,Portress,lportressqn@infoseek.co.jp,Male,5.247.24.44
961,Anna-diane,Josephs,ajosephsqo@blogspot.com,Female,111.13.107.30
962,Yasmeen,Sewter,ysewterqp@gizmodo.com,Female,28.195.149.36
963,Dennison,Parlet,dparletqq@state.gov,Non-binary,102.224.80.192
964,Keriann,De la Feld,kdelafeldqr@cnbc.com,Male,171.248.167.115
965,Bill,Heads,bheadsqs@ibm.com,Male,67.62.247.125
966,Chevy,Soan,csoanqt@nps.gov,Male,39.235.97.78
967,Rhodie,Tow,rtowqu@gov.uk,Female,23.208.60.210
968,May,Emmer,memmerqv@marketwatch.com,Male,35.74.255.123
969,Donnie,Underhill,dunderhillqw@indiatimes.com,Non-binary,227.233.201.52
970,Paulita,Franseco,pfransecoqx@accuweather.com,Female,221.151.252.197
971,Conn,Bengal,cbengalqy@columbia.edu,Male,97.178.19.136
972,Sibbie,Massow,smassowqz@google.com.au,Male,241.101.40.88
973,Emmalynne,Keave,ekeaver0@ihg.com,Female,10.216.84.125
974,Nerty,Kristiansen,nkristiansenr1@ycombinator.com,Male,242.182.204.60
975,Gwendolen,Scarbarrow,gscarbarrowr2@ft.com,Female,4.181.192.253
976,Orran,Skylett,oskylettr3@flavors.me,Female,173.205.113.61
977,Elsworth,Riches,erichesr4@japanpost.jp,Male,188.28.161.253
978,Tabbi,Waleworke,twaleworker5@ezinearticles.com,Male,53.68.210.125
979,Terrill,Chevin,tchevinr6@merriam-webster.com,Female,139.90.77.193
980,Trent,Duff,tduffr7@xrea.com,Male,158.175.188.125
981,Julissa,Millthorpe,jmillthorper8@npr.org,Male,77.68.107.56
982,Karry,Davidovici,kdavidovicir9@e-recht24.de,Female,251.48.169.207
983,Linnet,Balducci,lbalduccira@tumblr.com,Male,158.146.20.64
984,Tremain,Skyme,tskymerb@amazon.co.jp,Male,163.104.46.196
985,Minny,Verdey,mverdeyrc@xrea.com,Male,136.161.55.131
986,Jarad,Poad,jpoadrd@behance.net,Female,187.159.196.201
987,Morty,Curner,mcurnerre@cocolog-nifty.com,Female,185.205.135.253
988,Mariette,Petrowsky,mpetrowskyrf@tamu.edu,Female,130.218.142.50
989,Laurette,Nowland,lnowlandrg@shinystat.com,Male,212.175.249.15
990,Sula,Atger,satgerrh@hatena.ne.jp,Female,37.57.239.22
991,Ailee,Seabert,aseabertri@mapy.cz,Female,156.66.200.246
992,Robinet,Gay,rgayrj@narod.ru,Male,212.250.86.78
993,Suki,Denyukhin,sdenyukhinrk@noaa.gov,Male,37.146.205.25
994,Vicki,Bolitho,vbolithorl@telegraph.co.uk,Male,117.20.49.52
995,Annalee,McAree,amcareerm@mozilla.com,Female,59.169.104.57
996,Kleon,Domelaw,kdomelawrn@state.gov,Genderqueer,121.94.169.1
997,Bobby,Scading,bscadingro@cbsnews.com,Male,242.24.99.104
998,Ogdon,Sherreard,osherreardrp@163.com,Female,119.171.42.138
999,Fedora,Goard,fgoardrq@house.gov,Female,120.160.227.76
1000,Isidora,Shearman,ishearmanrr@pbs.org,Female,132.122.179.227